"","s","x1","x2"
"1",0.000238896580412984,2.00337394486245,1.50151116481865
"2",0.000405043363571167,2.04139028467734,1.5027556597537
"3",0.00138084357604384,2.02826931773443,1.50916755083205
"4",0.00143389846198261,2.02629945220138,1.50948436341994
"5",0.00157055421732366,2.00258402204466,1.50992036995331
"6",0.00227296608500183,2.02976144871922,1.51513565773267
"7",0.00237810681574047,2.03813260416292,1.51608643611278
"8",0.00346770393662155,2.01476433354148,1.52244581301318
"9",0.00359140639193356,2.04363128554265,1.52455126391971
"10",0.00394833879545331,2.02437592286709,1.52603895800064
"11",0.00692103989422321,2.0331437921547,1.54648603863626
"12",0.00733414688147604,2.01273334036616,1.54738960839881
"13",0.00741752306930721,2.01491214865571,1.54813513924882
"14",0.00788473873399198,2.01369198725085,1.5510651291449
"15",0.00898262416012585,2.04723316647079,1.56203482372783
"16",0.0110090409871191,2.01162759683101,1.57123548824222
"17",0.0113935696426779,2.01942726720382,1.57488180010182
"18",0.0115372252184898,2.04567569725847,1.57967163767811
"19",0.0143044360447675,2.02072337941167,1.59462390880163
"20",0.0162434296216816,2.04800386577779,1.61343895888546
"21",0.0164481862448156,2.00738465603797,1.6063928184603
"22",0.0172918252646923,2.02171884706835,1.61518580434026
"23",0.0175483247730881,2.02012037942474,1.61659235736031
"24",0.0186874116770923,2.01074614562941,1.6221945215554
"25",0.019161278847605,2.02233617397994,1.62826057184774
"26",0.0211963022593409,2.02524488517063,1.64330985775057
"27",0.021450228523463,2.00486714057647,1.63948235399563
"28",0.0227000112645328,2.04895791268657,1.66098433256295
"29",0.0267354713287205,2.04016968522719,1.68863082635585
"30",0.0271177776157856,2.04296049054151,1.69253692007388
"31",0.0281211910769343,2.00348439332141,1.68571782074803
"32",0.0290858189109713,1.9961321192795,1.68986917782576
"33",0.0296633755788207,1.99994011671357,1.69549803335052
"34",0.0303770385216922,2.00893284193828,1.704295353923
"35",0.0320448244456202,2.01453087450629,1.71917178721828
"36",0.0325174834579229,2.03168482066701,1.73021926839932
"37",0.0328091429546475,2.01727697547828,1.72623559404393
"38",0.0369032295420766,2.00187626924956,1.75099588460412
"39",0.0369237822014838,1.98399580446871,1.74220988272586
"40",0.0374310328625143,2.02118059759049,1.76498607343696
"41",0.0388159311842173,1.99129190514306,1.76064705660909
"42",0.038936491124332,1.99200172064512,1.76197959021491
"43",0.0404875767417252,1.99928327237924,1.77848052504729
"44",0.0410863398574293,2.00218437619925,1.78507369772436
"45",0.0429887960199267,1.97415383866971,1.78435925038189
"46",0.0462378135416657,1.98120060584192,1.81598424045541
"47",0.0468536866828799,1.98982201668516,1.82709888110355
"48",0.0481404992751777,1.99196282538678,1.8401580422114
"49",0.0481933229602873,1.95116847084824,1.81239445342081
"50",0.0483467767480761,1.98393948772464,1.83646796589033
"51",0.0486410746816546,1.9577215735407,1.82075701169606
"52",0.0498921528924257,1.94991776040979,1.82595368843458
"53",0.0500307474285364,1.97268510520575,1.84370495533075
"54",0.0520156044512987,1.94906408186157,1.84397214773538
"55",0.0531294834800065,1.96668368074769,1.86794638502168
"56",0.0554021787829697,1.95087173642222,1.87684783517633
"57",0.0559375686571002,1.94429067054979,1.87645338809224
"58",0.05747115239501,1.91937381235918,1.86945764611851
"59",0.059029650175944,1.9227369749975,1.88738536753871
"60",0.0595067664980888,1.9115334652427,1.88168326752164
"61",0.0600483361631632,1.94073192876725,1.91437889462731
"62",0.060385589953512,1.91139179062406,1.89009101074534
"63",0.0609497462864965,1.90615671484721,1.89063245120641
"64",0.0610599068459123,1.91694161195569,1.90211768698651
"65",0.0619409799110144,1.9248948764018,1.91896677431599
"66",0.0656056352891028,1.9143275621097,1.94799827256575
"67",0.0676368190906942,1.88271371251266,1.93561102606058
"68",0.0700826265383512,1.87540481300686,1.9547470119763
"69",0.0702937594614923,1.88157108940303,1.96472250153623
"70",0.0704256598837674,1.87912142524114,1.96330268350785
"71",0.0707218942698091,1.861092686017,1.94463773595951
"72",0.07082723476924,1.87419118187969,1.96201522521454
"73",0.0722531112842262,1.88134406470974,1.98848886265101
"74",0.0723670870065689,1.85894360043611,1.96115479729535
"75",0.0724018786568195,1.87220147517255,1.97861949544845
"76",0.0728918248787522,1.8767107363708,1.99062179231155
"77",0.0730383845511824,1.84953253670378,1.95696519183932
"78",0.0736677951645106,1.84901677599614,1.96384797654611
"79",0.0750427790917456,1.84069867872461,1.96946201469153
"80",0.075599099509418,1.84672766472425,1.98486438813257
"81",0.0790505399927497,1.84255476954028,2.0258066537621
"82",0.0802644665818661,1.81899181281817,2.00636254062031
"83",0.0803784660529345,1.82792358680058,2.02219795793308
"84",0.0824375580996275,1.81478654871999,2.03132302198149
"85",0.0827168372925371,1.79588787109081,2.0034449405316
"86",0.0828737083356827,1.81823367628905,2.04391739995311
"87",0.0836952936369926,1.80277745334397,2.02997848148577
"88",0.0838848403654993,1.80562934866707,2.03794122430236
"89",0.0842775232158601,1.78722274517031,2.01140271171991
"90",0.0856120649259537,1.79993394563329,2.05565898312155
"91",0.0860834058839828,1.77610111509898,2.01883482442946
"92",0.086580601753667,1.79036569223085,2.05395829532787
"93",0.0876359085086733,1.77778962708047,2.04750244475879
"94",0.0897779711522162,1.75830222356942,2.04496821114572
"95",0.0899805163498968,1.76208734019696,2.05661017037778
"96",0.0907359647098929,1.75768204279629,2.06101179372168
"97",0.0909183076582849,1.74721798127237,2.04149783330448
"98",0.0922109857201576,1.75550165111405,2.08459515509088
"99",0.0928593957796693,1.74407588302625,2.07108865297785
"100",0.0930746719241142,1.73275809007299,2.04871014307336
"101",0.0950682680122554,1.73094001867577,2.08475304393489
"102",0.0956614073365927,1.72597075539703,2.08489379818834
"103",0.0961472901981324,1.71273468855204,2.06079592526642
"104",0.097642665496096,1.70881224261022,2.08327719719844
"105",0.0976446585264057,1.71223321254209,2.09287981723682
"106",0.0976929415483028,1.71472313372743,2.10098440843097
"107",0.0978322804439813,1.70671606674641,2.08178676208016
"108",0.0996405873447657,1.69998899210846,2.10617346089052
"109",0.100229354342446,1.69720995900637,2.11295537904486
"110",0.104412929620594,1.66253523908433,2.11418621568648
"111",0.106309621362016,1.64526095726138,2.10705873964835
"112",0.10699468688108,1.64662758329625,2.13694830500122
"113",0.107811254449189,1.63824949212471,2.13005844017873
"114",0.107987073017284,1.62966844790911,2.09725147845107
"115",0.108096597949043,1.62933990427095,2.09971805883397
"116",0.108488654484972,1.6337834550508,2.13549833094788
"117",0.11033510020934,1.61910609382339,2.13898307472078
"118",0.112308241659775,1.59769662011807,2.10735625225258
"119",0.113718609092757,1.59312534509833,2.15248755200088
"120",0.114762677578256,1.5834977901536,2.14546636096637
"121",0.1148325370159,1.58409361141358,2.15458832563698
"122",0.11536201252602,1.5775834151306,2.1374437351079
"123",0.115817142417654,1.57291125862372,2.1290326304754
"124",0.116174670401961,1.57280647725677,2.15379799111039
"125",0.117157299770042,1.56461329084121,2.15348721158221
"126",0.117487361654639,1.56071302795441,2.14118982904974
"127",0.117704377975315,1.56011615374673,2.15388268564142
"128",0.118672215612605,1.54937508986926,2.11962604138812
"129",0.12294670054689,1.51666276703286,2.1456372392296
"130",0.123300578678027,1.5133337627989,2.12427475031097
"131",0.124696853803471,1.50252067217851,2.16168650819369
"132",0.124895827146247,1.50086422819102,2.16018211575391
"133",0.125148585997522,1.49883219877425,2.12543282924552
"134",0.125443475088105,1.49638332971396,2.14897105844831
"135",0.125952785136178,1.4921487226534,2.15571441085376
"136",0.127002774504945,1.48386417238238,2.14099939332923
"137",0.127483867341653,1.48033123766733,2.12993784446227
"138",0.128872161731124,1.46849278437476,2.14699916985642
"139",0.129089283524081,1.46632518697072,2.15473505569496
"140",0.132203776855022,1.44171323556763,2.14211266291595
"141",0.13266538339667,1.43461206624392,2.17671799001241
"142",0.133329618256539,1.43154295015914,2.15161795219102
"143",0.13333323597908,1.43013539152223,2.16472517023202
"144",0.133551898412406,1.4311024149033,2.13863864080582
"145",0.133624784648418,1.43015197267999,2.14193467333553
"146",0.13466659723781,1.42295045408642,2.13116523341103
"147",0.135230499086902,1.41645185647557,2.14629115762518
"148",0.135713797062635,1.41189752434413,2.15042861925108
"149",0.135742419399321,1.41370767002581,2.13534684616404
"150",0.136295825242996,1.40395534139771,2.17207031850519
"151",0.136490360135213,1.40834964321008,2.13031504203051
"152",0.13650520821102,1.40130920250525,2.17784663715675
"153",0.137397162383422,1.39486039674523,2.16942318381246
"154",0.137517758645117,1.39620521923972,2.15438926482848
"155",0.137675155187026,1.39145117012555,2.17572092204155
"156",0.138182840542868,1.39090370395657,2.15251825756417
"157",0.138710167724639,1.3861221026776,2.15442482652031
"158",0.139387535862625,1.3775457462783,2.16989856243313
"159",0.140409882646054,1.37521484754534,2.13632237368188
"160",0.140479094116017,1.37116195229968,2.15397697802259
"161",0.140778355766088,1.36950924429399,2.14947750760387
"162",0.141908895457163,1.36113020044436,2.14369027097708
"163",0.142730664927512,1.35302506042997,2.14869002482906
"164",0.145399972563609,1.33583368658166,2.12630002739993
"165",0.145815429510549,1.32984430187865,2.13560168221936
"166",0.145928690675646,1.33073275018538,2.12869953522946
"167",0.146572394296527,1.32199980761826,2.14045335304632
"168",0.148069276474416,1.30534616842298,2.15254231642856
"169",0.148446606704965,1.30552342327791,2.14083934177686
"170",0.149072052445263,1.30556219114253,2.12304680143803
"171",0.149578995071352,1.29209634869341,2.15157086998652
"172",0.150484099052846,1.28180692464934,2.15788435923682
"173",0.150597600266337,1.28060479754003,2.15836472733506
"174",0.15283877030015,1.27471926357235,2.11748076723385
"175",0.154434968251735,1.26317722183541,2.11078128992052
"176",0.157130227191374,1.23351285405006,2.12375158239166
"177",0.157880100421607,1.21630391184047,2.14708544478029
"178",0.157905208179727,1.22561653510343,2.12530760345834
"179",0.158846774837002,1.20762425163518,2.14544650827368
"180",0.158960648812354,1.21699718634475,2.12238378740766
"181",0.159022381762043,1.22419781374706,2.10530142873041
"182",0.159469854552299,1.21143198313031,2.12399504875738
"183",0.16033573099412,1.21118455057753,2.1071024679985
"184",0.160429914947599,1.19996148865742,2.12877440272588
"185",0.163928855676204,1.16954160172671,2.1207495444826
"186",0.164468809729442,1.17308118470266,2.10418147115404
"187",0.164627394406125,1.17134117343877,2.10451581905586
"188",0.165678247110918,1.16451731820025,2.09810833066593
"189",0.168736443389207,1.12711536808374,2.10872516373396
"190",0.170162481255829,1.12460388460219,2.08886853517451
"191",0.170996390515938,1.114520334837,2.09093223166797
"192",0.171264330390841,1.12223573032884,2.0748655125796
"193",0.171541348099709,1.12663737858844,2.06388043955974
"194",0.171632113168016,1.10263296511779,2.09864925184129
"195",0.173001179005951,1.09918629364457,2.08186277446494
"196",0.174528022296727,1.10632887019036,2.04865567523661
"197",0.177136411424726,1.08398128780176,2.04141802954021
"198",0.179555739276111,1.04292741760442,2.05882881533227
"199",0.18204610561952,1.03720173985854,2.03101687888271
"200",0.182561425259337,1.03491891450904,2.02671079153571
"201",0.182665084954351,1.03315912598377,2.02731773519967
"202",0.183287817519158,1.02089392423561,2.03271363596688
"203",0.185453581158072,1.02165448963969,2.00360292072638
"204",0.186102156760171,0.994334373056262,2.02375001294525
"205",0.187356711598113,0.982465778014042,2.01940134591028
"206",0.187869044020772,0.982997894291377,2.01222896716739
"207",0.188434329582378,0.989528239460751,1.99862329799176
"208",0.1887495261617,0.996257056608193,1.98816668942309
"209",0.18947393540293,0.976357659688438,1.99828795074665
"210",0.191123383352533,0.954811497431606,1.99767135357019
"211",0.19162413617596,0.949845681644168,1.9958938416586
"212",0.192349253920838,0.979571269073962,1.96057470707708
"213",0.192883944371715,0.963652231344351,1.96827450259465
"214",0.194676143815741,0.935595632038966,1.97079793296964
"215",0.19699448812753,0.930452410733684,1.94761007919619
"216",0.197410342283547,0.937401476999995,1.93741228226435
"217",0.197991926921532,0.929874094758438,1.93661694568833
"218",0.198000577511266,0.944695618163432,1.92517048465362
"219",0.199198380112648,0.904415798226862,1.94195170565763
"220",0.201491226209328,0.923582856785204,1.90250790327249
"221",0.201800923096016,0.896229000218426,1.91812286234633
"222",0.202548482920974,0.894003317126227,1.91129541783648
"223",0.203133503673598,0.902326860904598,1.89926004858426
"224",0.2039406853728,0.8694086562497,1.91206145393406
"225",0.204592706635594,0.872152623531274,1.90296642706319
"226",0.205049612093717,0.878805705277577,1.89367884819055
"227",0.205673593096435,0.895139100541857,1.8767126810285
"228",0.206528918119147,0.859085972952516,1.88966925712286
"229",0.206570025067776,0.871407368132168,1.88173337455021
"230",0.207658972823992,0.855735129270996,1.87928202462814
"231",0.208253394579515,0.885770389009788,1.85544879989754
"232",0.208285454660654,0.875723230301995,1.86092733922057
"233",0.208569956943393,0.852484585111278,1.87128040844633
"234",0.211391938850284,0.833994943384503,1.85111201072318
"235",0.211773658171296,0.84555877008073,1.8410140197426
"236",0.213185554603115,0.833237271109022,1.83252864085562
"237",0.213284181430936,0.839454548608541,1.82840629543796
"238",0.216259677894413,0.820646805020752,1.8066402708613
"239",0.21638541505672,0.842005885988481,1.79574880595368
"240",0.216567310970277,0.807326359225592,1.80943501667303
"241",0.217157698236406,0.82462145051019,1.79571800825392
"242",0.218475638190284,0.801528456993342,1.79214174693579
"243",0.22003285982646,0.786181598738391,1.78227979214933
"244",0.221126178046688,0.813415006925384,1.76066042972491
"245",0.223950012587011,0.775231311182728,1.74611033648026
"246",0.224503509234637,0.781346634233571,1.73847186930765
"247",0.224872923223302,0.773011564736119,1.73749701426037
"248",0.226466750493273,0.796165371082813,1.71443103753504
"249",0.226976093370467,0.767072903442122,1.71817769526693
"250",0.229146477766335,0.760206679142471,1.69842819830712
"251",0.229519372805953,0.758157227969525,1.6952562372834
"252",0.230123331071809,0.776419647221388,1.68458898172213
"253",0.232934384606779,0.781043439076964,1.65659020340862
"254",0.233523525530472,0.74914271999615,1.65772494328716
"255",0.233703398611397,0.779593073589035,1.64962912631062
"256",0.234972146805376,0.746488402967126,1.64401337949681
"257",0.236389610683545,0.759593068915942,1.62788356774242
"258",0.240149608114734,0.745992550049092,1.59381345241651
"259",0.240544739644974,0.718826890337379,1.59325693971647
"260",0.240592138841748,0.730853478832959,1.59135657053629
"261",0.241202568868175,0.727663898431748,1.58573268199821
"262",0.241853092331439,0.726362131344797,1.57948064613063
"263",0.24205811903812,0.750282490499158,1.57507167965825
"264",0.244498279877007,0.736890447348197,1.55284306245504
"265",0.24492099462077,0.728098185089539,1.54933338008701
"266",0.24567414727062,0.711519776257657,1.54290426634984
"267",0.245853347936645,0.725465481482775,1.54039629772904
"268",0.248545180540532,0.705680321101069,1.51452321194572
"269",0.251663581235334,0.730935313870994,1.48392022307586
"270",0.252458439441398,0.735207251472227,1.47636523234423
"271",0.253002469427884,0.711853274726523,1.47024899206086
"272",0.255107345059514,0.735546296210516,1.45086927884403
"273",0.255428824340925,0.724211680305324,1.44699298286346
"274",0.257462913403288,0.711207928192297,1.42580807643594
"275",0.259222670225427,0.712421173996743,1.40831228705171
"276",0.259260575985536,0.736908826681412,1.41079463473182
"277",0.259689980186522,0.709618837681884,1.40327844284174
"278",0.261087963823229,0.730118208190404,1.39202852546623
"279",0.263718613190576,0.730241909674,1.36596854005094
"280",0.264107904862612,0.709037314458607,1.35828624348222
"281",0.264966631308198,0.730617554545156,1.35356678238755
"282",0.266369568649679,0.735928241661991,1.34057068498044
"283",0.266520578414202,0.73718725639154,1.33932221689218
"284",0.269311398966238,0.751923768485632,1.31481155222796
"285",0.269716178299859,0.721975285262854,1.30319235468861
"286",0.271286614704877,0.720132428400968,1.28626664348506
"287",0.274119541049004,0.731048146425083,1.25952509604817
"288",0.276241161162034,0.763002642442387,1.24776085737516
"289",0.276332648936659,0.740850675343138,1.23920390423827
"290",0.277060435852036,0.763298666347501,1.23935891011515
"291",0.279269986320287,0.760241533349293,1.21493078580879
"292",0.279573498759419,0.773583935570714,1.21688562685469
"293",0.279806696344167,0.741382377280982,1.20177164044972
"294",0.280124627286568,0.738076809382008,1.19695209932216
"295",0.281511990353465,0.772770574443447,1.19596284867749
"296",0.282764225266874,0.755197593912114,1.17475487381701
"297",0.284574129851535,0.772026526166418,1.16218829275652
"298",0.286139534786344,0.763078895173809,1.1402536754516
"299",0.287320587551221,0.78136715122956,1.13587677067808
"300",0.287749752169475,0.763613177797789,1.12187635917394
"301",0.28791968501173,0.756000950408301,1.11595771780187
"302",0.288755647372454,0.781597405165224,1.11956012804934
"303",0.291318518575281,0.809557182263205,1.10539007579948
"304",0.292219521244988,0.810887645837225,1.09573162299457
"305",0.293623841367662,0.784503577121296,1.0631019957764
"306",0.296121661784127,0.804040681417699,1.0444451863784
"307",0.296846406767145,0.800936502695918,1.03326394378569
"308",0.297899801051244,0.805087459047047,1.02261665880903
"309",0.298152282601222,0.823935552119568,1.03240052201449
"310",0.298268895363435,0.841390132676893,1.04304469891463
"311",0.299059249693528,0.818672584814586,1.01718864605031
"312",0.300906151533127,0.846547728343462,1.01377513560579
"313",0.3038527618628,0.860567950759242,0.986361211089659
"314",0.304097996791825,0.859689610521518,0.982401106090346
"315",0.305143302539364,0.867829822114832,0.975102974243035
"316",0.305218369467184,0.877190139103752,0.981881613038322
"317",0.305399328004569,0.859716086990292,0.964876547142687
"318",0.306920220376924,0.862305637244671,0.946001465529818
"319",0.30696562025696,0.871611330909346,0.953456421173085
"320",0.307054400444031,0.881293585299959,0.960664006511183
"321",0.311049618758261,0.900141050696825,0.921618080212462
"322",0.311655198922381,0.888013878708389,0.900871653977526
"323",0.312179648084566,0.89069187670134,0.89557796911638
"324",0.313683822052553,0.915105479704886,0.897439179177638
"325",0.313981684856117,0.908675467040438,0.88623482517101
"326",0.314089832827449,0.90940546607268,0.885322827247186
"327",0.315260796807706,0.915276150035909,0.87322863828814
"328",0.316561612533405,0.921292672056816,0.858984220945843
"329",0.316950157284737,0.941431035937046,0.875184343407953
"330",0.316975237801671,0.935550108797711,0.868205296069781
"331",0.317053351784125,0.9489142977829,0.881943948252206
"332",0.318896428914741,0.941475929253462,0.843610439361867
"333",0.319274115143344,0.942147170526568,0.838059444805132
"334",0.319831759901717,0.95744287233507,0.846977013850757
"335",0.319947601063177,0.955914949798178,0.843195195823402
"336",0.320566200185567,0.979399676340101,0.861506580073596
"337",0.322033904027194,0.984823170117201,0.84381045348029
"338",0.323822023812681,0.990696697682888,0.820391494911095
"339",0.324085952481255,0.992616613917669,0.818253407826708
"340",0.325131266377866,0.993709297263975,0.800727853011225
"341",0.327506022062153,1.02739750868112,0.804473338440027
"342",0.327511116862297,1.01564095969682,0.78707310165154
"343",0.328274069586769,1.02567715310771,0.787238906593707
"344",0.331920213066041,1.06020820517908,0.768568126788019
"345",0.332445990527049,1.05382709450343,0.746730108133973
"346",0.333071983419359,1.0782892277809,0.77508416423944
"347",0.333427211269736,1.07624669591571,0.76403403685464
"348",0.333509586984292,1.06639138792317,0.745111508444471
"349",0.334231326589361,1.07766605280506,0.749051939585536
"350",0.334599666763097,1.0898858927596,0.762814351706841
"351",0.335229284130037,1.08340301536851,0.737013737355736
"352",0.336419132305309,1.10773235670933,0.755312337959196
"353",0.336713540134951,1.10611333368737,0.745482164721338
"354",0.338283574208617,1.11068292921685,0.716955638757547
"355",0.338586960919201,1.1285279772756,0.745647150472225
"356",0.339135265909135,1.13211405800777,0.739757095987511
"357",0.339485083706677,1.12864419808386,0.723903771847699
"358",0.33990564593114,1.1287533293955,0.713482650071923
"359",0.341039908351377,1.14779615252503,0.725413928084672
"360",0.343302177265286,1.16318455659539,0.699625050384827
"361",0.345139099750668,1.17514459024136,0.675300089216961
"362",0.345849762437865,1.19538901136819,0.705971302557888
"363",0.346748248208314,1.19748504624242,0.684002259541713
"364",0.347816531080753,1.20123218326791,0.659667740557897
"365",0.347911406541243,1.20963470551944,0.680205921606193
"366",0.348809832474217,1.22118873940408,0.683656580977965
"367",0.350754616782069,1.24392977366789,0.685702529847976
"368",0.351106922142208,1.23519181945117,0.644702373039302
"369",0.351792022120208,1.25296382785329,0.677094040860069
"370",0.351843506796286,1.25105005633565,0.668766549803488
"371",0.353350377408788,1.26154867849673,0.645256576576908
"372",0.354160398710519,1.27520350691522,0.661312310508212
"373",0.355665953829885,1.28903854970112,0.64885122206459
"374",0.356721999356523,1.29939674102888,0.642040683598699
"375",0.358400145079941,1.31973384222534,0.648399303875075
"376",0.359028305858374,1.32515288287539,0.640569770348126
"377",0.359785249689594,1.33595667443436,0.652487027249182
"378",0.361763168359175,1.35432927838904,0.632345438357831
"379",0.362601807108149,1.35852295694034,0.599292664843512
"380",0.365014120005071,1.3905478732103,0.63235912858308
"381",0.366580521455035,1.40388095041401,0.594914415674527
"382",0.367901820223778,1.42218574701381,0.629941705303306
"383",0.368318096967414,1.42636144712893,0.625070892357726
"384",0.370921416208148,1.45351189223777,0.593762342968892
"385",0.373078520642594,1.47859443663835,0.613667526458665
"386",0.373341244878247,1.4815780118778,0.61634762066435
"387",0.374786772532389,1.4975779708879,0.596089759720885
"388",0.374908455181867,1.49898866650198,0.620875121044068
"389",0.375489964615554,1.50553570213364,0.600931784828221
"390",0.376079086214304,1.51208675668727,0.60871386433667
"391",0.377477207919583,1.52869715952125,0.57843436314343
"392",0.377736799186096,1.53054461646032,0.612209267264538
"393",0.379559240536764,1.55185685903997,0.59587540433565
"394",0.380267640342936,1.55827371462317,0.620953711337559
"395",0.381375617580488,1.57264698742247,0.59519528967018
"396",0.38231894839555,1.58280532788535,0.602214164620921
"397",0.385119045618922,1.61225810510412,0.621951247078395
"398",0.385190207045525,1.61665901936191,0.593970164914974
"399",0.38543858891353,1.61874352577487,0.599969403196234
"400",0.385852537117898,1.62462240383894,0.591864195522353
"401",0.385907175717875,1.62138884621899,0.61991420751852
"402",0.386454011779279,1.63183341681175,0.590412912074014
"403",0.388108282815665,1.64828003241198,0.607981382952827
"404",0.388340283883736,1.64954581674806,0.616301446654597
"405",0.388945028651506,1.65682818385632,0.614237689566873
"406",0.390022895298898,1.67051869522486,0.60750484627597
"407",0.390023997751996,1.67335930983622,0.592705254887815
"408",0.390203467104584,1.67053001214284,0.618304173101057
"409",0.390297754667699,1.67395329553315,0.606285751808627
"410",0.391108496813104,1.68179303140558,0.614225672744292
"411",0.392178456997499,1.69484715539522,0.611454540093532
"412",0.392901856917888,1.70044069485554,0.624080914431829
"413",0.393776922253892,1.71237120739113,0.616726801095945
"414",0.393829641165212,1.7110785819871,0.62465467379429
"415",0.394441001815721,1.72188877980583,0.609888668569641
"416",0.394517550244927,1.7261314870866,0.596572656016853
"417",0.394973045215011,1.72294581180358,0.630460742481142
"418",0.396855081431568,1.74855047016846,0.617861388123617
"419",0.39848541142419,1.773572899838,0.600101811208178
"420",0.399126905016601,1.77438650385412,0.622896033016356
"421",0.399272951297462,1.77691791437307,0.620472215533327
"422",0.400940120918676,1.80385021830393,0.601119355113144
"423",0.401268495246768,1.80470954284576,0.610690770937295
"424",0.402696270029992,1.81600072702728,0.629020428582002
"425",0.403764510527253,1.8370216002283,0.608589828800133
"426",0.403782814741135,1.8250433562419,0.640869309689839
"427",0.403906936291605,1.82439694163856,0.646602097965743
"428",0.407350709661841,1.8740639532892,0.631120618350827
"429",0.408421214204282,1.88815609954515,0.630771815552373
"430",0.409132091328502,1.88460443558251,0.65898582592396
"431",0.410306338686496,1.91038031801856,0.636540996902942
"432",0.410635125823319,1.91410496804909,0.637909485091667
"433",0.410754823358729,1.91311620983392,0.64327204645062
"434",0.41187207121402,1.9154422477962,0.668493013388576
"435",0.413005554582924,1.93518164766437,0.659156808594855
"436",0.413646463071927,1.9327472780144,0.68010483215319
"437",0.414049681741744,1.9533169271809,0.65157498126221
"438",0.414092399412766,1.93406591340603,0.688653209176963
"439",0.416293604532257,1.9624303788852,0.690304472444482
"440",0.418771624332294,1.99670399183484,0.689946935563595
"441",0.421378421830013,2.01375744262122,0.720622894381429
"442",0.422439390094951,2.04397897041585,0.698246383942327
"443",0.423455537762493,2.04514581918371,0.718202531955848
"444",0.424334690673277,2.04752401194042,0.732993799101158
"445",0.426464922260493,2.07659636936193,0.736349955806841
"446",0.426466299686581,2.07645301338508,0.736567297219345
"447",0.427494465606287,2.09541316357194,0.732287732575292
"448",0.42923343507573,2.10525292193486,0.753855815163567
"449",0.430333221331239,2.12374900438579,0.752412931816775
"450",0.430925568332896,2.13150982691391,0.754463542779882
"451",0.431751248892397,2.12818027089784,0.773808052056452
"452",0.433975581545383,2.15573520023248,0.783447579436074
"453",0.434622491942719,2.14990179981922,0.80131215943075
"454",0.435771584976465,2.1520561953746,0.818985074222876
"455",0.436778316041455,2.18947843327476,0.797901077931031
"456",0.439058027463034,2.18564222748014,0.840693552266562
"457",0.439644126221538,2.18289510167351,0.852947526519112
"458",0.440076212864369,2.19421227835379,0.84934131421749
"459",0.441774149890989,2.20952226921296,0.862876452944904
"460",0.442324638832361,2.22629660416379,0.856833367139282
"461",0.442796268267557,2.23445480832134,0.857334803425476
"462",0.444569527870044,2.24365165347127,0.877991466770218
"463",0.446180628146976,2.24241882516116,0.904147010812001
"464",0.446969628101215,2.26966071653368,0.894731044470002
"465",0.447457330068573,2.27309366954704,0.899662848034472
"466",0.447839834261686,2.26154123577769,0.914479798378043
"467",0.449029579060152,2.27037292058462,0.925808847479383
"468",0.45013734116219,2.28395035733985,0.932491345187921
"469",0.450774036580697,2.2871056498387,0.939749943487517
"470",0.451310850214213,2.31027964333571,0.931451070000119
"471",0.451886494411156,2.29253408476508,0.952415127601676
"472",0.452731572557241,2.30861479417401,0.953899051223637
"473",0.453303414164111,2.32872004662907,0.948950488327958
"474",0.454168669413775,2.31100081307766,0.973358931890541
"475",0.455978516489267,2.33298241123581,0.98563059033545
"476",0.45774177624844,2.36181480126379,0.993852021737202
"477",0.458723113173619,2.3469579435898,1.01652438233857
"478",0.462292822543532,2.37875397907294,1.04936688887275
"479",0.463651715312153,2.39948947037189,1.05796625448995
"480",0.464069551322609,2.37554148444482,1.07542772873712
"481",0.465662425151095,2.4222376213854,1.07536842456262
"482",0.465690567623824,2.42075920056663,1.07644373716037
"483",0.46648524608463,2.40563379915347,1.09430939879732
"484",0.470092375297099,2.4080285620281,1.14170479298681
"485",0.470500626601279,2.43081886420491,1.13821979100379
"486",0.470720700686797,2.40749989141668,1.15016890002479
"487",0.471276496304199,2.45331889846027,1.14013350289497
"488",0.471713925013319,2.41153932106989,1.16161763146725
"489",0.472588874632493,2.44259560905706,1.16183339177546
"490",0.474471707129851,2.45999001195975,1.18101906593853
"491",0.474997081561014,2.43623783135266,1.19575992709982
"492",0.475711012724787,2.44478038838234,1.20232813507084
"493",0.476424339460209,2.45526200545081,1.2084123648246
"494",0.476859610993415,2.454599049615,1.21431322209383
"495",0.476919188629836,2.4675950824435,1.21121296536068
"496",0.477950773201883,2.47017701574525,1.2240873063772
"497",0.478468887042254,2.47798611460545,1.22873630529677
"498",0.479077307041734,2.46090204009867,1.24137023344551
"499",0.479398564202711,2.45373061052183,1.24742515671845
"500",0.480310129001737,2.45306823752341,1.25924888462726
"501",0.480372016318142,2.49701072387462,1.24897342127991
"502",0.480617735767737,2.45291654233413,1.2632019442757
"503",0.480816515395418,2.49716198497985,1.25485005844628
"504",0.481981448363513,2.47478121591537,1.27543141060252
"505",0.48275689734146,2.49387907510076,1.28120810576774
"506",0.482923875097185,2.48819509458648,1.28463239328184
"507",0.483768141595647,2.47727982471177,1.29784741594652
"508",0.483836601022631,2.46416859882641,1.3014243017037
"509",0.484167741145939,2.48540689256434,1.30132096341275
"510",0.484587929444388,2.49632023587691,1.30458949925843
"511",0.485874579288065,2.47061782184195,1.32587761035683
"512",0.486242167418823,2.50422499363637,1.32463282619545
"513",0.486642911797389,2.4784782283055,1.33420233641755
"514",0.488254894502461,2.52213468389366,1.34803465272549
"515",0.489342542830855,2.48548806445817,1.36722318084928
"516",0.489990570582449,2.51021691915366,1.37225830811918
"517",0.490750394994393,2.49655199808046,1.3836423274578
"518",0.49091898300685,2.51334473168011,1.38385714675937
"519",0.491452492540702,2.53309043283191,1.38860585175439
"520",0.495523291174322,2.53025483680526,1.44198078412688
"521",0.496387037681416,2.51556806228738,1.4538596502873
"522",0.496903428109363,2.5207483539668,1.46025989601129
"523",0.497464487561956,2.53054817789382,1.46715336314448
"524",0.498156590387225,2.52129411921973,1.4763375213088
"525",0.499029459664598,2.51374116084581,1.487635627863
"526",0.499272880377248,2.5265384049385,1.49061999613016
"527",0.499903989490122,2.53665451600208,1.49874927193577
"528",0.500025092391297,2.53860575080369,1.50032749347598
"529",0.503687579883263,2.54328608856316,1.54837998551567
"530",0.50504457950592,2.51964881414666,1.5647243570348
"531",0.51259378483519,2.54394504231144,1.6666060765652
"532",0.513239527819678,2.5144706937939,1.67035505591674
"533",0.513879090314731,2.532906052366,1.68199806978274
"534",0.514157372061163,2.50767125882561,1.68118717339713
"535",0.514211784349754,2.54613945109558,1.68884258636575
"536",0.514407708309591,2.50614334646582,1.68418177859327
"537",0.514412934659049,2.5062020044068,1.68426081519742
"538",0.514923015609384,2.52798339099603,1.69506783467291
"539",0.515063329832628,2.53298614262513,1.69790476732861
"540",0.515551181975752,2.54228290710166,1.7063180439417
"541",0.517111055552959,2.53121847995181,1.72521833983163
"542",0.517437003087252,2.50122577088229,1.72296840710654
"543",0.518266599625349,2.50520467479484,1.73487946368363
"544",0.518569612177089,2.51164989089459,1.7404515603924
"545",0.519075873540714,2.53060380238751,1.75189412434182
"546",0.519095949130133,2.49725281809359,1.74400930266756
"547",0.519560450455174,2.5212065090152,1.75619718779405
"548",0.519567017676309,2.52857429043074,1.75813582310165
"549",0.520339757902548,2.51977822688527,1.76648066487873
"550",0.521162092685699,2.5033804479388,1.77330282480029
"551",0.522124740527943,2.52539256095384,1.79266768539493
"552",0.523407669737935,2.50677668932604,1.80499029034843
"553",0.524307115934789,2.49930273842289,1.81510048588052
"554",0.524643287761137,2.50619486073888,1.82195323022849
"555",0.524790602037683,2.51071121551102,1.8254621515783
"556",0.530744078103453,2.46152811836353,1.89113486135163
"557",0.531133668962866,2.47200385145463,1.90095345820215
"558",0.531874436419457,2.47130050788864,1.91128451968363
"559",0.53229026379995,2.47411212880395,1.91849125653114
"560",0.533828780753538,2.4604745842071,1.93481612378739
"561",0.534791055135429,2.48267248163509,1.95926293805925
"562",0.535236610565335,2.46929117489068,1.95963894565887
"563",0.535269055515528,2.44375581495446,1.94800144962262
"564",0.535761289997026,2.43782034002478,1.95231308013383
"565",0.535789993824437,2.46627889002532,1.96646839969449
"566",0.537320081843063,2.4304539562783,1.97144318510271
"567",0.53737669531256,2.46952630570894,1.99210752980174
"568",0.538772000931203,2.45227541776749,2.00454101386416
"569",0.539190846029669,2.43367695235618,2.0009985074319
"570",0.53979828581214,2.42465684574436,2.00528643181606
"571",0.541528468718752,2.44436075552382,2.04304242995367
"572",0.5416769774165,2.41307196758065,2.02732009880899
"573",0.542015940882266,2.40530435238554,2.02798917812537
"574",0.542912817094475,2.41829531593434,2.049528076367
"575",0.543030994012952,2.42308950549414,2.05426043007795
"576",0.545514354016632,2.39485540780305,2.07603943551686
"577",0.547426078235731,2.37293996028973,2.0920647155733
"578",0.548256997484714,2.40116032459816,2.12504157089976
"579",0.54842082853429,2.36309204499045,2.10127304085339
"580",0.54962041345425,2.37654520578402,2.13048116666885
"581",0.550494084367529,2.35386434519316,2.12850556110719
"582",0.551250527845696,2.363222678985,2.14813487427547
"583",0.55324704782106,2.33192041378944,2.15790454202287
"584",0.554585863370448,2.34794467818708,2.19407969803977
"585",0.556969332275912,2.30991940744939,2.20449703270292
"586",0.56019195006229,2.2884075330746,2.24395083407235
"587",0.560332746244967,2.27679758133429,2.23559803522873
"588",0.560646349098533,2.28604282774928,2.25025045408334
"589",0.560707851080224,2.28462731934446,2.25005909756339
"590",0.56143795652315,2.26557465963272,2.24540784155081
"591",0.562540134880692,2.27756936823146,2.27835409796417
"592",0.563646841561422,2.24157564765205,2.26326435573274
"593",0.56482222257182,2.23675888618223,2.2810644466445
"594",0.564904673025012,2.23380260574586,2.27954694564489
"595",0.566488424083218,2.23339431368658,2.31085709099901
"596",0.56699930364266,2.22880430039585,2.31625503327082
"597",0.567891015904024,2.20295239596579,2.30528531848065
"598",0.570541352732107,2.18152596950025,2.33532896118636
"599",0.571233897469938,2.18734697360181,2.35759357561186
"600",0.571876234840602,2.18693475151221,2.37140039018935
"601",0.573475898941979,2.16743479688885,2.38259174942115
"602",0.573967065894976,2.16539294698682,2.39127321610125
"603",0.574637334328145,2.13983590997514,2.37227103388616
"604",0.574839341687039,2.15080020400961,2.3919571936192
"605",0.575004067504779,2.15261173027864,2.39833954413917
"606",0.575352881103754,2.1404832325287,2.38982077649506
"607",0.57633650302887,2.14638600846887,2.42184270296267
"608",0.57644574274309,2.119258157788,2.38573848122853
"609",0.577048209030181,2.12599965033079,2.40997443322788
"610",0.578458378789946,2.10585074840501,2.41499475219205
"611",0.579820899059996,2.09107183755493,2.42676315636125
"612",0.580401404760778,2.08294537895384,2.42889876321618
"613",0.58119775657542,2.09158961382648,2.46396540208425
"614",0.581554221687838,2.08095902683021,2.45622541219224
"615",0.581604002509266,2.08125231342819,2.45805821404194
"616",0.58257843577303,2.07314587974791,2.47132052921074
"617",0.584499739808962,2.04466891816673,2.47616241943214
"618",0.586088502081111,2.02640846901542,2.48935212940999
"619",0.589678303571418,1.98825819607162,2.52680645220738
"620",0.592304242542014,1.93885916177432,2.50733774971983
"621",0.595228760736063,1.91762082366585,2.5637135973909
"622",0.596472046803683,1.90142407990719,2.5713695215696
"623",0.599715854972601,1.84493555742003,2.54884461017947
"624",0.601766235427931,1.82926975070911,2.59554622074982
"625",0.601828285725787,1.82718849074999,2.59170887936148
"626",0.6029684972018,1.80951934983687,2.58926830998214
"627",0.603474084753543,1.79894081002185,2.57804371700467
"628",0.605793738272041,1.76446652277733,2.5744067644231
"629",0.606295468751341,1.76140826904474,2.59159110612617
"630",0.60784059506841,1.73885588454321,2.59048260790378
"631",0.608517412794754,1.73021430960614,2.59552814367068
"632",0.608937452547252,1.72705786167336,2.6095769884113
"633",0.611778643447906,1.68393362477918,2.59686510980834
"634",0.612133090151474,1.68529111263093,2.63595861584824
"635",0.615344077115878,1.63979366474539,2.64642344270617
"636",0.615871025947854,1.62841116771622,2.6144483548264
"637",0.61681821080856,1.61561753921054,2.62055061046575
"638",0.618285143980756,1.59846176982328,2.66409546197289
"639",0.618838207330555,1.59004006056439,2.66051207196691
"640",0.618951546959579,1.58498662649783,2.61598656463735
"641",0.619159240042791,1.58472319158546,2.65223810930252
"642",0.619424278149381,1.57979386344556,2.63696479029324
"643",0.623541267821565,1.52061545162387,2.62449823409762
"644",0.623613457195461,1.5199230059982,2.6433199144382
"645",0.625107899075374,1.49846243085343,2.63398367506397
"646",0.62558709224686,1.49160239478484,2.63823350468568
"647",0.625878707272932,1.48706369801377,2.67148952218837
"648",0.62624534452334,1.48208227583268,2.64484847938855
"649",0.630726151634008,1.41762901925952,2.64274954755458
"650",0.630999924149364,1.41190236558117,2.66623099064407
"651",0.631507298909128,1.40751772042545,2.62843974105805
"652",0.632220890838653,1.39653747529009,2.63707252444737
"653",0.634028090629727,1.36596351781904,2.67638198712513
"654",0.636084527941421,1.34213406221401,2.62600366752788
"655",0.636485945200548,1.3313695452768,2.66018905737866
"656",0.639978769468144,1.28166057936207,2.64623666457018
"657",0.6399842700921,1.28294572722189,2.63906155794583
"658",0.641745518893003,1.25629681979052,2.64097290098753
"659",0.643864108016714,1.21975192043812,2.65998712167924
"660",0.64483752194792,1.21145179921084,2.63342332997173
"661",0.645450439304113,1.19645061629176,2.65506403972982
"662",0.645631878403947,1.19670364765977,2.64348880190441
"663",0.646774860331789,1.18085941726742,2.637062239909
"664",0.649453951511532,1.1448261935031,2.61918576651757
"665",0.649875837611035,1.14553727104914,2.59674375240688
"666",0.650128671433777,1.13069318540436,2.63038708651545
"667",0.652510120533407,1.10359606483797,2.60061507926269
"668",0.653218248859048,1.09919894597003,2.58251075412454
"669",0.654067937284708,1.07663302809167,2.60701185382928
"670",0.655950521118939,1.05920147188007,2.5756132735969
"671",0.656810875283554,1.04628622998881,2.5738906446618
"672",0.656992290401831,1.03483655286394,2.59402708609973
"673",0.659319650614634,1.01184519932525,2.56082967228653
"674",0.663253142498434,0.953737137305765,2.54747403387067
"675",0.665807631798089,0.922609197735965,2.52547787020798
"676",0.666971337515861,0.891821946194657,2.54414270254741
"677",0.667426514672115,0.906567162368532,2.50555826816534
"678",0.66945075779222,0.876032770651947,2.49838004088117
"679",0.670760133769363,0.837776047067127,2.52179192882502
"680",0.672058288240805,0.825260481136324,2.50480130283766
"681",0.672216201666743,0.821608549003139,2.50592084089931
"682",0.672568153357133,0.833003014449597,2.4796504475419
"683",0.673435813980177,0.825703181047606,2.46752486657305
"684",0.673692964250222,0.821993352169305,2.4661771431907
"685",0.67514867708087,0.795133540163262,2.4663634833113
"686",0.675319577334449,0.794539436692378,2.46282805922316
"687",0.67560727451928,0.797458257691359,2.45160897087637
"688",0.676762288669124,0.771664828358833,2.45715571622816
"689",0.67727683018893,0.758278045114099,2.46177957865499
"690",0.67859286791645,0.761487546614703,2.42555367443886
"691",0.679453118005767,0.742769909338826,2.42824923466173
"692",0.680164178134874,0.738753744453714,2.41633286890725
"693",0.68096301658079,0.707265665589378,2.43497948423847
"694",0.681218191748485,0.729767453526646,2.40255671714481
"695",0.685169729404151,0.658072735649736,2.39273806974397
"696",0.685228247195482,0.657157611496534,2.3923928022293
"697",0.68552095326595,0.681887280850955,2.35985134215098
"698",0.686495538568124,0.644962023816763,2.37690041640726
"699",0.689918605145067,0.623412957073816,2.3248589163414
"700",0.690351657569408,0.623155291202442,2.3161502750521
"701",0.690880850423127,0.619280356659277,2.30889318912935
"702",0.69299681391567,0.573385798422953,2.30669507547075
"703",0.693204820388928,0.580766509271447,2.29605525997983
"704",0.694011028623208,0.574310427002551,2.28537687051533
"705",0.696956751402467,0.53504332895743,2.25910440543528
"706",0.697344831423834,0.550107232939595,2.23978348632496
"707",0.697553366888314,0.5500675587123,2.23582331030131
"708",0.705064784036949,0.453992679506326,2.16262253614165
"709",0.706210570642725,0.438028856452749,2.15150076051621
"710",0.706377045251429,0.454456555177508,2.13841605254763
"711",0.707018328597769,0.430548535922058,2.14124059962305
"712",0.707506610779092,0.425708844206253,2.13521356558815
"713",0.710277852602303,0.399440165895587,2.10004335831847
"714",0.712568088900298,0.400281449288111,2.05914986598654
"715",0.713095941813663,0.410742283153995,2.04476837680451
"716",0.714631942100823,0.363529453038876,2.04121676202552
"717",0.714848786126822,0.388708723493673,2.02551557082811
"718",0.714853693498299,0.387928830674987,2.02580045986454
"719",0.7169320799876,0.349299938089126,2.0077327847913
"720",0.717138722306117,0.35829355963763,2.000226577581
"721",0.718439230229706,0.345573699600192,1.98346944183084
"722",0.719112251652405,0.34175099729103,1.97359683125344
"723",0.719355837674811,0.359364627885895,1.96232464885257
"724",0.719378591282293,0.341524354922428,1.96917008739437
"725",0.719657292356715,0.345364653811251,1.96291436694745
"726",0.72122603142634,0.330615786304903,1.942276025562
"727",0.721333573339507,0.319032518627887,1.94483362711234
"728",0.721887888619676,0.330353930464815,1.93129000661944
"729",0.722409214358777,0.346474237155563,1.91678200951194
"730",0.724161460762843,0.317825722762286,1.89793169706297
"731",0.724497599992901,0.309450348087525,1.89516009597683
"732",0.725024226354435,0.291355737668564,1.89230556414286
"733",0.728109711781144,0.315752483398135,1.83423796667789
"734",0.729730096645653,0.270363300497422,1.82016644063358
"735",0.731315477285534,0.298207759649817,1.78747915208905
"736",0.731707599712536,0.287498926529217,1.78373164187179
"737",0.73324590572156,0.252550901502411,1.76658625348317
"738",0.73352795955725,0.247849094535486,1.76295374371194
"739",0.734029720071703,0.286718043432679,1.74681416500536
"740",0.734094301005825,0.263152030670772,1.75056299821483
"741",0.736588314641267,0.278826274032669,1.70778304683227
"742",0.737453325418755,0.265012872095505,1.69634534219315
"743",0.737567968200892,0.268219880947417,1.69401647812168
"744",0.737595617771149,0.249382614649973,1.69653822849264
"745",0.737772154854611,0.273566429518502,1.68995068514245
"746",0.73985527921468,0.248506092949737,1.66041328965019
"747",0.73989077587612,0.242668311236891,1.66059152901056
"748",0.74226645193994,0.236712610425139,1.62315755570206
"749",0.74318771972321,0.248686701354043,1.60738191223456
"750",0.743930876953527,0.25145018588583,1.59540801699833
"751",0.743974646320567,0.223304733523082,1.59685247223653
"752",0.74736111680977,0.243022433559003,1.54169815036053
"753",0.748729828745127,0.222109694787212,1.52039870526452
"754",0.748795386170968,0.205675624809194,1.51959449219649
"755",0.750519821885973,0.239158748994137,1.49176372173272
"756",0.750735989306122,0.207728424423976,1.4880478084909
"757",0.751522562699392,0.233263895579744,1.47576046979908
"758",0.754153864458203,0.238146074555422,1.43407259748594
"759",0.755301924189553,0.22159353119485,1.41469870645499
"760",0.756324941292405,0.238468540992083,1.39951983866165
"761",0.757055602502078,0.236712276956682,1.38769829235832
"762",0.758074916200712,0.200763498209679,1.36770900426817
"763",0.758270112564787,0.238915106371579,1.36846749587866
"764",0.759161467896774,0.200901930815458,1.34977523015964
"765",0.759258169680834,0.203032959229878,1.34842429501624
"766",0.759444722672924,0.238565335195779,1.3495785498275
"767",0.759544267551973,0.231670494370862,1.34714698785717
"768",0.762444715481251,0.248199695556291,1.30262568526953
"769",0.764507758663967,0.213801547596189,1.26288044631551
"770",0.764622842427343,0.207723660115239,1.25982704002906
"771",0.765520478598773,0.230409570521516,1.24919583823009
"772",0.766123738372698,0.230840740171307,1.23926913712598
"773",0.768076964421198,0.230383560729686,1.20652615419756
"774",0.76854715985246,0.237824577149919,1.2003790920944
"775",0.768852224573493,0.258651743500401,1.20029159314042
"776",0.769032425712794,0.241327785764503,1.19309090232404
"777",0.772399305133149,0.253696860170237,1.13962498293095
"778",0.772864649537951,0.23520347465223,1.12624932349562
"779",0.773493236629292,0.259954769931849,1.12288773164262
"780",0.775823362637311,0.270671357721096,1.0864566707565
"781",0.775825042743236,0.287119719148818,1.09196135637266
"782",0.776445082388818,0.249540639883234,1.06844437185543
"783",0.776929248124361,0.280723776075388,1.07088675502801
"784",0.777886260068044,0.28039664755804,1.05421689640519
"785",0.778269294649363,0.283036220833268,1.04852967469047
"786",0.778809498529881,0.271666915262524,1.03480177421533
"787",0.779368161456659,0.279155638486443,1.0278115495083
"788",0.780844533350319,0.307196476678242,1.01303004956069
"789",0.784109382657334,0.316484538601664,0.959174514135421
"790",0.784692775690928,0.309742980569306,0.945510152241997
"791",0.785349442157894,0.305086153626655,0.931293907837823
"792",0.785881076706573,0.302802863465111,0.920365907169395
"793",0.786971174879,0.316422660558193,0.906811270116464
"794",0.79194687330164,0.364620768412416,0.839147113985801
"795",0.792070718249306,0.383444885357768,0.847775292972695
"796",0.792282316135243,0.347080088964845,0.82241505902841
"797",0.793191209202632,0.387302338420375,0.828839554489991
"798",0.794308127136901,0.358878985001347,0.789663560724115
"799",0.794396977638826,0.399138972714459,0.813018386613149
"800",0.794420650461689,0.366995551056644,0.792491206999776
"801",0.795051236171275,0.391976094466987,0.79582551641698
"802",0.79631936410442,0.400364520482912,0.776301629176492
"803",0.798596638021991,0.396501857520145,0.727621342262769
"804",0.7987603074871,0.41549255406168,0.737585521906852
"805",0.802412331104279,0.445084201356154,0.683583278622489
"806",0.804393312660977,0.475760699223255,0.665746111123663
"807",0.805811213329434,0.498460856206704,0.654110899631838
"808",0.805863957852125,0.46529373766614,0.624922631888808
"809",0.806419667555019,0.482997252970733,0.627640676355918
"810",0.806933146901429,0.513465033369548,0.642664100035389
"811",0.80771899363026,0.507759683607822,0.6203577099201
"812",0.808601795230061,0.510762694796546,0.603225385251778
"813",0.811055141268298,0.536278685633939,0.570654183211278
"814",0.811120785074309,0.537411014427904,0.57021245032084
"815",0.811516786925495,0.541554726926682,0.564950836281233
"816",0.812805236317217,0.554687824160534,0.54740797322955
"817",0.813362698070705,0.579242194887274,0.559058755155322
"818",0.814757590182126,0.595023272587556,0.542161554665299
"819",0.815184899838641,0.571286100713062,0.506403800646241
"820",0.815567015903071,0.586397894571249,0.513114417911391
"821",0.815928964642808,0.582561388723938,0.499883449952417
"822",0.817230444401503,0.606491225822634,0.493407384487353
"823",0.818569612922147,0.630468023091422,0.486569674521604
"824",0.820514548104256,0.636538725562641,0.442405061978295
"825",0.821403923910111,0.67365090958834,0.464449157066349
"826",0.823944246396422,0.686726673746451,0.41129699006566
"827",0.824081728467718,0.707782596042132,0.435653633741425
"828",0.824162796372548,0.684581422340538,0.402149507924329
"829",0.824679406359792,0.692743257022612,0.398267794148025
"830",0.824748182203621,0.71295197076893,0.423898837565965
"831",0.828158485237509,0.739928482601379,0.361435743117968
"832",0.82842305698432,0.753666018664688,0.3739245821577
"833",0.828942130552605,0.766172348035237,0.376954606541895
"834",0.829109395388514,0.759609401002153,0.361692815291411
"835",0.829723515082151,0.765186402963639,0.350962872955117
"836",0.830447626067325,0.777315371914332,0.346945712225204
"837",0.831371922045946,0.788568136676201,0.33504610856246
"838",0.832916080253199,0.821345762779025,0.338642110131741
"839",0.833687560632825,0.814664961531553,0.300667329451039
"840",0.833863337524235,0.817784226477428,0.299980380781762
"841",0.836004259996116,0.854738009338394,0.290359827966159
"842",0.836801559431478,0.876431994118722,0.302283857647988
"843",0.838569788262248,0.886880277004365,0.255607796783457
"844",0.838755033444613,0.909934518162417,0.295333632551843
"845",0.839631285285577,0.911131252564525,0.263494028154239
"846",0.840877033304423,0.928843575831442,0.25067401985286
"847",0.842007180908695,0.943845111583079,0.236330836939829
"848",0.842348815640435,0.949654232346565,0.234825997756773
"849",0.845393033931032,0.995614724844195,0.207453001821009
"850",0.845736156217754,1.00132374901533,0.205630619137011
"851",0.848293222486973,1.04822882169369,0.204792324624131
"852",0.849689718568698,1.07523156304245,0.209835750021031
"853",0.850482750684023,1.07557340035104,0.166272753777584
"854",0.851930984994397,1.10780495906054,0.185220176513123
"855",0.852190344594419,1.10687032973946,0.166232807630756
"856",0.854374968446791,1.15170841886249,0.186413974574475
"857",0.85513499006629,1.15415830703216,0.143486666857362
"858",0.856510716257617,1.17843158544703,0.140971436143717
"859",0.858186804223806,1.20857233647053,0.141247894519966
"860",0.858393028844148,1.21198312249144,0.13997124576232
"861",0.859278114512563,1.22434441123303,0.122950007843845
"862",0.86121069570072,1.25824057737018,0.118809132865727
"863",0.86202601599507,1.27487409959529,0.131419825463623
"864",0.862629777053371,1.28339345053149,0.117814956604068
"865",0.863572930917144,1.29927964675218,0.111815491118692
"866",0.867228663060814,1.36536721322733,0.125763334690149
"867",0.869257820537314,1.3987064149333,0.0986693080352123
"868",0.869933269685134,1.41101722389687,0.104335998038821
"869",0.870432480005547,1.41882720109071,0.0873228680878977
"870",0.873992832377553,1.48259277861062,0.1247088677748
"871",0.876434698933735,1.52542638784341,0.089844617985477
"872",0.877103376435116,1.53731018703649,0.0887647914078555
"873",0.878429047297686,1.56060900862391,0.0943249900301548
"874",0.878602623473853,1.56427716509768,0.0811674875222188
"875",0.879265945171937,1.57469333726017,0.107996163639911
"876",0.882458147127181,1.63026872396986,0.114121513547563
"877",0.882491525495425,1.6307521398881,0.115212835335616
"878",0.885117687052116,1.67573697237308,0.125252279714746
"879",0.885221036849543,1.67816520521803,0.120503422089144
"880",0.885793877299875,1.6878250882733,0.123768927121084
"881",0.886753598228097,1.71000630923726,0.088511406728166
"882",0.88703501666896,1.70997215011776,0.122231598896624
"883",0.887754905503243,1.72220217296918,0.12557944719351
"884",0.892355152172968,1.81091647526212,0.0970492516624084
"885",0.892718593822792,1.81564706730777,0.105875782152451
"886",0.893421786604449,1.82544855539466,0.119347748655809
"887",0.894142537843436,1.83543405165627,0.132567424961398
"888",0.8943934335839,1.83776871406081,0.141574657662572
"889",0.895891189575195,1.87325448693312,0.111035426143727
"890",0.899924811441451,1.94229278293175,0.134373722328984
"891",0.900228734128177,1.94907228955793,0.131296487928751
"892",0.900965292239562,1.94928469161603,0.172264830473024
"893",0.901070477906615,1.95492027774071,0.161440453687182
"894",0.901074001332745,1.95737534708185,0.1544122003237
"895",0.902805796358734,1.98592821161343,0.166384394902007
"896",0.903634525137022,2.00950994722645,0.145680805993684
"897",0.904031387297437,2.00405233277647,0.180197052792738
"898",0.904753880109638,2.01977182730983,0.175250189878996
"899",0.904898397624493,2.01601930296754,0.191806561430834
"900",0.905738130910322,2.04661847524932,0.155958222090298
"901",0.906050957273692,2.05081761797948,0.160743736002232
"902",0.906601407798007,2.06265239461204,0.158424202128222
"903",0.906942480476573,2.06173735365494,0.176538913681313
"904",0.909047515131533,2.08715979736665,0.212441793516366
"905",0.91005900898017,2.12105093238495,0.18273589782546
"906",0.91057491232641,2.1124920230055,0.222428128612798
"907",0.911284453701228,2.13367083946922,0.207933137241669
"908",0.912029979052022,2.13764981463392,0.230053998690055
"909",0.912751579657197,2.16792489018515,0.199305628676229
"910",0.91448087641038,2.19002762802067,0.225215885886755
"911",0.914528023218736,2.18015892557989,0.245224088654739
"912",0.916448955191299,2.22472527987164,0.236770274539124
"913",0.917510882485658,2.2312673678976,0.26388024943209
"914",0.917904034024104,2.2507207452238,0.24518503015379
"915",0.918056417256594,2.23388235148974,0.278644617515621
"916",0.918857760028914,2.26663445808614,0.25276052824132
"917",0.919203929137439,2.27221527963025,0.255845452598708
"918",0.919525086414069,2.27624953984718,0.260537780470911
"919",0.920489149866626,2.2828819961657,0.282975763862498
"920",0.920630739303306,2.29310975950847,0.27188431828146
"921",0.92132977838628,2.30724172732428,0.273772664807182
"922",0.921913691563532,2.30625083834284,0.294629468669766
"923",0.922261254163459,2.30693513153779,0.304934292630138
"924",0.923546462319791,2.32092848941293,0.32556307579147
"925",0.92398845218122,2.34779719039959,0.301357525404907
"926",0.92504589096643,2.34516439150056,0.338140613227866
"927",0.925140294479206,2.36752817911698,0.310366056253845
"928",0.925339963752776,2.36217045391092,0.323922925484537
"929",0.925644748611376,2.35203080452659,0.347041313699457
"930",0.925961389672011,2.38053220473403,0.318339753985438
"931",0.930133691756055,2.41841141830688,0.393621085613705
"932",0.930141045944765,2.44409181041757,0.362898634930606
"933",0.930500746238977,2.4397019717063,0.37853905184653
"934",0.930604886263609,2.42112402798156,0.4036281176427
"935",0.932383237173781,2.45963401529024,0.40828386202905
"936",0.933034127345309,2.46161072745599,0.423913909728947
"937",0.933270314941183,2.47892763459264,0.411057759239932
"938",0.934672247152776,2.50920631420275,0.416395182549437
"939",0.9348229537718,2.499570580713,0.430808433269481
"940",0.935139505425468,2.48917867456721,0.450325382568684
"941",0.935806215973571,2.50606033114272,0.450174101217512
"942",0.936232616892084,2.50112185410866,0.466470726178032
"943",0.937075413297862,2.51479358057861,0.47431933751238
"944",0.937385849654675,2.54054624834453,0.456464226592407
"945",0.940014522755519,2.55603502189444,0.508679720568774
"946",0.940164701780304,2.58687486105449,0.483581575925261
"947",0.940564878052101,2.55931841321054,0.519290882280492
"948",0.941694442881271,2.60790740892031,0.503135696329378
"949",0.942455691983923,2.59992144469586,0.529199834076918
"950",0.944522878853604,2.63442906489213,0.550004814994985
"951",0.94472032552585,2.63773760620739,0.552026821136943
"952",0.944949925877154,2.64219672512254,0.55388145280658
"953",0.945457234047353,2.65306049718487,0.557212113305261
"954",0.945739162620157,2.65012408817072,0.566392174739584
"955",0.946668232558295,2.64336281847093,0.593818428459124
"956",0.947205751203001,2.65964209635052,0.593601699640509
"957",0.948284424841404,2.68322390395799,0.600737448490643
"958",0.950203040381894,2.67542512160965,0.650577370128349
"959",0.951514942804351,2.6937661636693,0.666930913636133
"960",0.951723448932171,2.72457276832507,0.650194987086279
"961",0.951921815052629,2.70697323734516,0.666858269237085
"962",0.954434238374233,2.73706465573172,0.702541661511473
"963",0.954902932746336,2.75484552163423,0.701502060562708
"964",0.955186023144051,2.76614548555849,0.700625315251974
"965",0.957576596643776,2.75828549274729,0.757485859842199
"966",0.958318280987442,2.77429096806093,0.763966349573028
"967",0.961343576200306,2.82369578396979,0.801130837479919
"968",0.961467695888132,2.79572079963769,0.818482941342793
"969",0.962570293573663,2.81869819467791,0.829556316831777
"970",0.962608013767749,2.84392563078202,0.817531850545183
"971",0.962842692388222,2.81643124028609,0.8363700537347
"972",0.962896824115887,2.83229185146527,0.829510715302049
"973",0.96368952607736,2.82251882587967,0.850858011473955
"974",0.964804159011692,2.869033650825,0.851661632648664
"975",0.965255592484027,2.8505384184012,0.869775148077294
"976",0.966477383626625,2.87568950706359,0.883578542302084
"977",0.967733667232096,2.87799719227868,0.908485281523936
"978",0.970767963677645,2.91244192762876,0.956482691921463
"979",0.970966610359028,2.90624057980709,0.96289530693966
"980",0.973539913771674,2.92957595353149,1.00632640848501
"981",0.978226428385824,2.93029678427122,1.09858192381795
"982",0.978302628034726,2.93684404860693,1.09822823718284
"983",0.979173583909869,2.94138290508985,1.11391689870122
"984",0.979334303410724,2.94691109929522,1.11556638271085
"985",0.979815867030993,2.94509846220312,1.1253954289997
"986",0.979907589498907,2.97439856119664,1.11961320709686
"987",0.980278696399182,2.97067388867155,1.12788035957863
"988",0.981905837310478,2.98537895346739,1.15631411900825
"989",0.982048792531714,2.9802849668459,1.16029319191879
"990",0.982659413712099,2.98274799787399,1.17168389008988
"991",0.982817197917029,2.9964092397396,1.171770112901
"992",0.986518583260477,2.97321803631731,1.2480030343176
"993",0.988891728920862,3.01234569493538,1.28750871342347
"994",0.990795793244615,3.02821470394697,1.32244891054237
"995",0.992285794112831,2.99851250761975,1.35427809218499
"996",0.993045282084495,2.99162248042075,1.36930589770947
"997",0.993119847727939,2.9989462615104,1.37007940599007
"998",0.995992258191109,3.01069583660792,1.42385278366936
"999",0.996552679222077,3.0426939491415,1.43312818219824
"1000",0.998490834375843,3.0477107462063,1.47064455711363
